#sno	date	where	title	text	linkedin	facebook	instagram	youtube	eol
10	10 Oct	creativity-centre	Eget non Nulla.	Ut vitae metus cursus Curabitur.	#li				|
9	9 Oct	digital-literacy	Turpis dictumst Ut Nulla.	Et at Nulla convallis.		#fb			|
8	8 Oct	schooling	Congue urna natoque eleifend.	Eros Curabitur Duis lobortis.			#ig	#yt	|
7	7 Oct	trafficking	Est auctor adipiscing.	In elit dapibus.	#li				|
6	6 Oct	women	Rhoncus pede nibh.	Amet consectetuer at.		#fb			|
5	5 Oct	creativity-centre	Cursus metus Curabitur vitae dui.	Vivamus id nibh aliquam volutpat.			#ig	#yt	|
4	4 Oct	digital-literacy	Laoreet tincidunt Nam sem.	Sapien Integer eget consequat.	#li				|
3	3 Oct	schooling	Ante augue orci et enim.	Turpis vitae eget.		#fb			|
2	2 Oct	trafficking	Vitae Maecenas eget est pretium.	In libero sit.			#ig	#yt	|
1	1 Oct	women	Nec et auctor.	Lorem ipsum dolor sit.	#li				|